Year,Country,PPP Value
2000,Albania,42.017
2000,Argentina,0.664
2000,Australia,1.312
2000,Austria,0.908
2000,Belgium,0.9
2000,Brazil,0.758
2000,Bulgaria,0.536
2000,Cameroon,238.697
2000,Canada,1.228
2000,Chile,290.426
2000,China,2.722
2000,Colombia,743.255
2000,Costa Rica,144.97
2000,Croatia,0.503
2000,Cyprus,0.717
2000,Czech Republic,14.331
2000,Denmark,8.67
2000,Estonia,0.469
2000,Euro area,0.864
2000,European Union,0.83
2000,Finland,0.984
2000,France,0.93
2000,Georgia,0.478
2000,Germany,0.943
2000,Greece,0.67
2000,Hong Kong,7.111
2000,Hungary,110.073
2000,Iceland,84.723
2000,India,9.675
2000,Indonesia,1386.622
2000,Ireland,0.944
2000,Israel,3.433
2000,Italy,0.805
2000,Japan,154.691
2000,South Korea,747.737
2000,Latvia,0.361
2000,Lithuania,0.452
2000,Luxembourg,0.956
2000,Madagascar,307.018
2000,Malta,0.58
2000,Mexico,6.078
2000,Morocco,4.054
2000,Netherlands,0.89
2000,New Zealand,1.445
2000,North Macedonia,19.943
2000,Norway,9.085
2000,Poland,1.833
2000,Portugal,0.661
2000,Romania,0.616
2000,Russia,7.301
2000,Saudi Arabia,0.864
2000,Senegal,218.244
2000,Serbia,9.598
2000,Singapore,0.939
2000,Slovak Republic,0.516
2000,Slovenia,0.527
2000,South Africa,2.759
2000,Spain,0.74
2000,Sweden,9.163
2000,Switzerland,1.789
2000,Türkiye,0.282
2000,Britain,0.705
2000,United States,1
2000,Zambia,0.654
2001,Albania,42.816
2001,Argentina,0.642
2001,Australia,1.328
2001,Austria,0.923
2001,Belgium,0.892
2001,Brazil,0.802
2001,Bulgaria,0.556
2001,Cameroon,239.202
2001,Canada,1.22
2001,Chile,296.175
2001,China,2.717
2001,Colombia,779.779
2001,Costa Rica,155.557
2001,Croatia,0.514
2001,Cyprus,0.712
2001,Czech Republic,14.322
2001,Denmark,8.692
2001,Estonia,0.488
2001,Euro area,0.86
2001,European Union,0.828
2001,Finland,1.003
2001,France,0.912
2001,Georgia,0.492
2001,Germany,0.93
2001,Greece,0.668
2001,Hong Kong,6.831
2001,Hungary,114.406
2001,Iceland,88.295
2001,India,9.766
2001,Indonesia,1549.931
2001,Ireland,0.969
2001,Israel,3.416
2001,Italy,0.816
2001,Japan,149.642
2001,South Korea,756.699
2001,Latvia,0.353
2001,Lithuania,0.433
2001,Luxembourg,0.963
2001,Madagascar,324.024
2001,Malta,0.589
2001,Mexico,6.329
2001,Morocco,3.989
2001,Netherlands,0.905
2001,New Zealand,1.473
2001,North Macedonia,20.498
2001,Norway,9.174
2001,Poland,1.837
2001,Portugal,0.671
2001,Romania,0.814
2001,Russia,8.323
2001,Saudi Arabia,0.831
2001,Senegal,228.365
2001,Serbia,17.827
2001,Singapore,0.902
2001,Slovak Republic,0.516
2001,Slovenia,0.56
2001,South Africa,2.909
2001,Spain,0.748
2001,Sweden,9.401
2001,Switzerland,1.769
2001,Türkiye,0.415
2001,Britain,0.694
2001,United States,1
2001,Zambia,0.802
2002,Albania,42.11
2002,Argentina,0.826
2002,Australia,1.336
2002,Austria,0.9
2002,Belgium,0.873
2002,Brazil,0.867
2002,Bulgaria,0.548
2002,Cameroon,242.066
2002,Canada,1.229
2002,Chile,301.372
2002,China,2.691
2002,Colombia,819.642
2002,Costa Rica,168.161
2002,Croatia,0.505
2002,Cyprus,0.697
2002,Czech Republic,14.458
2002,Denmark,8.562
2002,Estonia,0.486
2002,Euro area,0.852
2002,European Union,0.804
2002,Finland,0.998
2002,France,0.901
2002,Georgia,0.513
2002,Germany,0.913
2002,Greece,0.663
2002,Hong Kong,6.497
2002,Hungary,118.141
2002,Iceland,91.105
2002,India,9.974
2002,Indonesia,1616.128
2002,Ireland,0.982
2002,Israel,3.463
2002,Italy,0.823
2002,Japan,143.774
2002,South Korea,769.772
2002,Latvia,0.354
2002,Lithuania,0.413
2002,Luxembourg,0.957
2002,Madagascar,371.69
2002,Malta,0.571
2002,Mexico,6.554
2002,Morocco,3.965
2002,Netherlands,0.901
2002,New Zealand,1.469
2002,North Macedonia,19.634
2002,Norway,9.057
2002,Poland,1.8
2002,Portugal,0.672
2002,Romania,0.96
2002,Russia,9.274
2002,Saudi Arabia,0.867
2002,Senegal,229.144
2002,Serbia,19.971
2002,Singapore,0.88
2002,Slovak Republic,0.522
2002,Slovenia,0.583
2002,South Africa,3.223
2002,Spain,0.742
2002,Sweden,9.414
2002,Switzerland,1.71
2002,Türkiye,0.591
2002,Britain,0.69
2002,United States,1
2002,Zambia,0.943
2003,Albania,44.591
2003,Argentina,0.895
2003,Australia,1.352
2003,Austria,0.888
2003,Belgium,0.876
2003,Brazil,0.97
2003,Bulgaria,0.56
2003,Cameroon,242.017
2003,Canada,1.226
2003,Chile,308.248
2003,China,2.708
2003,Colombia,878.847
2003,Costa Rica,182.466
2003,Croatia,0.529
2003,Cyprus,0.736
2003,Czech Republic,14.175
2003,Denmark,8.647
2003,Estonia,0.486
2003,Euro area,0.858
2003,European Union,0.821
2003,Finland,1.002
2003,France,0.93
2003,Georgia,0.521
2003,Germany,0.896
2003,Greece,0.685
2003,Hong Kong,5.989
2003,Hungary,122.005
2003,Iceland,92.603
2003,India,10.159
2003,Indonesia,1671.817
2003,Ireland,1.004
2003,Israel,3.625
2003,Italy,0.833
2003,Japan,139.579
2003,South Korea,791.294
2003,Latvia,0.378
2003,Lithuania,0.404
2003,Luxembourg,0.965
2003,Madagascar,358.286
2003,Malta,0.574
2003,Mexico,6.647
2003,Morocco,3.922
2003,Netherlands,0.925
2003,New Zealand,1.496
2003,North Macedonia,20.099
2003,Norway,9.197
2003,Poland,1.804
2003,Portugal,0.67
2003,Romania,1.177
2003,Russia,9.867
2003,Saudi Arabia,0.87
2003,Senegal,222.635
2003,Serbia,22.635
2003,Singapore,0.848
2003,Slovak Republic,0.544
2003,Slovenia,0.608
2003,South Africa,3.363
2003,Spain,0.759
2003,Sweden,9.485
2003,Switzerland,1.715
2003,Türkiye,0.737
2003,Britain,0.696
2003,United States,1
2003,Zambia,1.088
2004,Albania,44.898
2004,Argentina,1.031
2004,Australia,1.365
2004,Austria,0.878
2004,Belgium,0.888
2004,Brazil,1.018
2004,Bulgaria,0.58
2004,Cameroon,236.019
2004,Canada,1.233
2004,Chile,321.278
2004,China,2.821
2004,Colombia,922.9
2004,Costa Rica,201.419
2004,Croatia,0.532
2004,Cyprus,0.734
2004,Czech Republic,14.426
2004,Denmark,8.46
2004,Estonia,0.494
2004,Euro area,0.856
2004,European Union,0.817
2004,Finland,0.973
2004,France,0.935
2004,Georgia,0.55
2004,Germany,0.875
2004,Greece,0.694
2004,Hong Kong,5.623
2004,Hungary,128.378
2004,Iceland,93.284
2004,India,10.46
2004,Indonesia,1767.327
2004,Ireland,0.991
2004,Israel,3.536
2004,Italy,0.852
2004,Japan,134.401
2004,South Korea,794.712
2004,Latvia,0.399
2004,Lithuania,0.414
2004,Luxembourg,0.951
2004,Madagascar,397.614
2004,Malta,0.566
2004,Mexico,6.999
2004,Morocco,3.854
2004,Netherlands,0.908
2004,New Zealand,1.507
2004,North Macedonia,19.262
2004,Norway,9.125
2004,Poland,1.83
2004,Portugal,0.676
2004,Romania,1.269
2004,Russia,11.557
2004,Saudi Arabia,0.941
2004,Senegal,216.522
2004,Serbia,24.094
2004,Singapore,0.858
2004,Slovak Republic,0.564
2004,Slovenia,0.608
2004,South Africa,3.473
2004,Spain,0.766
2004,Sweden,9.294
2004,Switzerland,1.692
2004,Türkiye,0.792
2004,Britain,0.688
2004,United States,1
2004,Zambia,1.268
2005,Albania,45.527
2005,Argentina,1.103
2005,Australia,1.388
2005,Austria,0.882
2005,Belgium,0.892
2005,Brazil,1.061
2005,Bulgaria,0.596
2005,Cameroon,231.948
2005,Canada,1.214
2005,Chile,333.69
2005,China,2.842
2005,Colombia,961.02
2005,Costa Rica,220.709
2005,Croatia,0.543
2005,Cyprus,0.723
2005,Czech Republic,14.562
2005,Denmark,8.569
2005,Estonia,0.503
2005,Euro area,0.853
2005,European Union,0.819
2005,Finland,0.979
2005,France,0.916
2005,Georgia,0.576
2005,Germany,0.873
2005,Greece,0.709
2005,Hong Kong,5.444
2005,Hungary,130.93
2005,Iceland,95.841
2005,India,10.712
2005,Indonesia,1959.18
2005,Ireland,1.012
2005,Israel,3.717
2005,Italy,0.855
2005,Japan,129.552
2005,South Korea,788.92
2005,Latvia,0.439
2005,Lithuania,0.435
2005,Luxembourg,0.946
2005,Madagascar,456.321
2005,Malta,0.573
2005,Mexico,7.127
2005,Morocco,3.77
2005,Netherlands,0.897
2005,New Zealand,1.535
2005,North Macedonia,19.293
2005,Norway,9.005
2005,Poland,1.868
2005,Portugal,0.664
2005,Romania,1.401
2005,Russia,12.736
2005,Saudi Arabia,1.096
2005,Senegal,219.85
2005,Serbia,27.033
2005,Singapore,0.848
2005,Slovak Republic,0.565
2005,Slovenia,0.61
2005,South Africa,3.556
2005,Spain,0.77
2005,Sweden,9.479
2005,Switzerland,1.687
2005,Türkiye,0.835
2005,Britain,0.708
2005,United States,1
2005,Zambia,1.434
2006,Albania,44.415
2006,Argentina,1.217
2006,Australia,1.403
2006,Austria,0.86
2006,Belgium,0.874
2006,Brazil,1.099
2006,Bulgaria,0.618
2006,Cameroon,230.18
2006,Canada,1.205
2006,Chile,318.575
2006,China,2.865
2006,Colombia,986.397
2006,Costa Rica,241.902
2006,Croatia,0.52
2006,Cyprus,0.71
2006,Czech Republic,14.415
2006,Denmark,8.287
2006,Estonia,0.521
2006,Euro area,0.826
2006,European Union,0.795
2006,Finland,0.953
2006,France,0.895
2006,Georgia,0.605
2006,Germany,0.848
2006,Greece,0.692
2006,Hong Kong,5.252
2006,Hungary,131.491
2006,Iceland,101.633
2006,India,11.264
2006,Indonesia,2168.274
2006,Ireland,0.978
2006,Israel,3.807
2006,Italy,0.823
2006,Japan,124.449
2006,South Korea,772.216
2006,Latvia,0.489
2006,Lithuania,0.446
2006,Luxembourg,0.917
2006,Madagascar,490.318
2006,Malta,0.572
2006,Mexico,7.13
2006,Morocco,3.71
2006,Netherlands,0.872
2006,New Zealand,1.482
2006,North Macedonia,18.887
2006,Norway,8.78
2006,Poland,1.85
2006,Portugal,0.64
2006,Romania,1.4
2006,Russia,12.618
2006,Saudi Arabia,1.187
2006,Senegal,219.423
2006,Serbia,28.826
2006,Singapore,0.838
2006,Slovak Republic,0.555
2006,Slovenia,0.61
2006,South Africa,3.658
2006,Spain,0.736
2006,Sweden,9.112
2006,Switzerland,1.599
2006,Türkiye,0.842
2006,Britain,0.696
2006,United States,1
2006,Zambia,1.594
2007,Albania,44.629
2007,Argentina,1.362
2007,Australia,1.427
2007,Austria,0.868
2007,Belgium,0.879
2007,Brazil,1.139
2007,Bulgaria,0.656
2007,Cameroon,225.223
2007,Canada,1.212
2007,Chile,323.879
2007,China,3.006
2007,Colombia,1010.403
2007,Costa Rica,260.308
2007,Croatia,0.513
2007,Cyprus,0.694
2007,Czech Republic,14.256
2007,Denmark,8.161
2007,Estonia,0.551
2007,Euro area,0.82
2007,European Union,0.789
2007,Finland,0.935
2007,France,0.889
2007,Georgia,0.645
2007,Germany,0.837
2007,Greece,0.718
2007,Hong Kong,5.275
2007,Hungary,134.036
2007,Iceland,107.336
2007,India,11.73
2007,Indonesia,2348.911
2007,Ireland,0.958
2007,Israel,3.738
2007,Italy,0.809
2007,Japan,120.319
2007,South Korea,770.086
2007,Latvia,0.566
2007,Lithuania,0.47
2007,Luxembourg,0.921
2007,Madagascar,526.532
2007,Malta,0.568
2007,Mexico,7.368
2007,Morocco,3.727
2007,Netherlands,0.86
2007,New Zealand,1.506
2007,North Macedonia,19.511
2007,Norway,8.921
2007,Poland,1.854
2007,Portugal,0.647
2007,Romania,1.488
2007,Russia,13.985
2007,Saudi Arabia,1.253
2007,Senegal,227.726
2007,Serbia,30.421
2007,Singapore,0.864
2007,Slovak Republic,0.554
2007,Slovenia,0.63
2007,South Africa,3.856
2007,Spain,0.732
2007,Sweden,8.871
2007,Switzerland,1.532
2007,Türkiye,0.851
2007,Britain,0.709
2007,United States,1
2007,Zambia,1.753
2008,Albania,44.561
2008,Argentina,1.647
2008,Australia,1.479
2008,Austria,0.854
2008,Belgium,0.867
2008,Brazil,1.215
2008,Bulgaria,0.678
2008,Cameroon,231.902
2008,Canada,1.234
2008,Chile,340.401
2008,China,3.179
2008,Colombia,1067.501
2008,Costa Rica,284.587
2008,Croatia,0.514
2008,Cyprus,0.694
2008,Czech Republic,13.917
2008,Denmark,7.944
2008,Estonia,0.545
2008,Euro area,0.806
2008,European Union,0.776
2008,Finland,0.912
2008,France,0.882
2008,Georgia,0.694
2008,Germany,0.82
2008,Greece,0.708
2008,Hong Kong,5.242
2008,Hungary,131.005
2008,Iceland,114.527
2008,India,12.567
2008,Indonesia,2723.007
2008,Ireland,0.944
2008,Israel,3.867
2008,Italy,0.784
2008,Japan,116.846
2008,South Korea,785.718
2008,Latvia,0.576
2008,Lithuania,0.493
2008,Luxembourg,0.9
2008,Madagascar,555.3
2008,Malta,0.572
2008,Mexico,7.47
2008,Morocco,3.834
2008,Netherlands,0.848
2008,New Zealand,1.491
2008,North Macedonia,19.264
2008,Norway,8.859
2008,Poland,1.842
2008,Portugal,0.636
2008,Romania,1.566
2008,Russia,14.341
2008,Saudi Arabia,1.447
2008,Senegal,241.8
2008,Serbia,31.325
2008,Singapore,0.836
2008,Slovak Republic,0.537
2008,Slovenia,0.634
2008,South Africa,4.08
2008,Spain,0.726
2008,Sweden,8.779
2008,Switzerland,1.493
2008,Türkiye,0.88
2008,Britain,0.702
2008,United States,1
2008,Zambia,1.903
2009,Albania,44.338
2009,Argentina,1.888
2009,Australia,1.443
2009,Austria,0.844
2009,Belgium,0.85
2009,Brazil,1.296
2009,Bulgaria,0.693
2009,Cameroon,238.729
2009,Canada,1.202
2009,Chile,354.326
2009,China,3.152
2009,Colombia,1103.812
2009,Costa Rica,310.207
2009,Croatia,0.51
2009,Cyprus,0.682
2009,Czech Republic,13.639
2009,Denmark,7.731
2009,Estonia,0.517
2009,Euro area,0.795
2009,European Union,0.755
2009,Finland,0.897
2009,France,0.863
2009,Georgia,0.675
2009,Germany,0.811
2009,Greece,0.704
2009,Hong Kong,5.189
2009,Hungary,127.694
2009,Iceland,121.98
2009,India,13.366
2009,Indonesia,2929.552
2009,Ireland,0.901
2009,Israel,3.99
2009,Italy,0.771
2009,Japan,115.219
2009,South Korea,828.421
2009,Latvia,0.521
2009,Lithuania,0.469
2009,Luxembourg,0.903
2009,Madagascar,589.996
2009,Malta,0.569
2009,Mexico,7.493
2009,Morocco,3.792
2009,Netherlands,0.848
2009,New Zealand,1.472
2009,North Macedonia,18.364
2009,Norway,9.084
2009,Poland,1.869
2009,Portugal,0.627
2009,Romania,1.567
2009,Russia,14.017
2009,Saudi Arabia,1.212
2009,Senegal,236.202
2009,Serbia,33.262
2009,Singapore,0.855
2009,Slovak Republic,0.516
2009,Slovenia,0.645
2009,South Africa,4.406
2009,Spain,0.719
2009,Sweden,8.921
2009,Switzerland,1.47
2009,Türkiye,0.905
2009,Britain,0.71
2009,United States,1
2009,Zambia,1.996
2010,Albania,44.198
2010,Argentina,2.255
2010,Australia,1.504
2010,Austria,0.842
2010,Belgium,0.837
2010,Brazil,1.388
2010,Bulgaria,0.677
2010,Cameroon,237.517
2010,Canada,1.222
2010,Chile,359.837
2010,China,3.329
2010,Colombia,1132.203
2010,Costa Rica,326.842
2010,Croatia,0.514
2010,Cyprus,0.7
2010,Czech Republic,13.674
2010,Denmark,7.592
2010,Estonia,0.512
2010,Euro area,0.793
2010,European Union,0.757
2010,Finland,0.901
2010,France,0.855
2010,Georgia,0.761
2010,Germany,0.805
2010,Greece,0.722
2010,Hong Kong,5.141
2010,Hungary,126.432
2010,Iceland,132.904
2010,India,14.598
2010,Indonesia,3336.628
2010,Ireland,0.85
2010,Israel,3.991
2010,Italy,0.773
2010,Japan,111.71
2010,South Korea,840.992
2010,Latvia,0.487
2010,Lithuania,0.45
2010,Luxembourg,0.926
2010,Madagascar,642.562
2010,Malta,0.573
2010,Mexico,7.727
2010,Morocco,3.771
2010,Netherlands,0.854
2010,New Zealand,1.497
2010,North Macedonia,18.731
2010,Norway,9.153
2010,Poland,1.805
2010,Portugal,0.623
2010,Romania,1.538
2010,Russia,15.821
2010,Saudi Arabia,1.403
2010,Senegal,237.141
2010,Serbia,34.835
2010,Singapore,0.854
2010,Slovak Republic,0.502
2010,Slovenia,0.638
2010,South Africa,4.62
2010,Spain,0.727
2010,Sweden,9.026
2010,Switzerland,1.466
2010,Türkiye,0.92
2010,Britain,0.702
2010,United States,1
2010,Zambia,2.247
2011,Albania,43.858
2011,Argentina,2.733
2011,Australia,1.511
2011,Austria,0.831
2011,Belgium,0.832
2011,Brazil,1.473
2011,Bulgaria,0.701
2011,Cameroon,238.707
2011,Canada,1.24
2011,Chile,348.017
2011,China,3.524
2011,Colombia,1179.998
2011,Costa Rica,334.897
2011,Croatia,0.498
2011,Cyprus,0.699
2011,Czech Republic,13.345
2011,Denmark,7.466
2011,Estonia,0.512
2011,Euro area,0.78
2011,European Union,0.745
2011,Finland,0.898
2011,France,0.841
2011,Georgia,0.811
2011,Germany,0.789
2011,Greece,0.713
2011,Hong Kong,5.233
2011,Hungary,124.272
2011,Iceland,135.152
2011,India,15.55
2011,Indonesia,3512.754
2011,Ireland,0.832
2011,Israel,3.945
2011,Italy,0.759
2011,Japan,107.454
2011,South Korea,854.586
2011,Latvia,0.499
2011,Lithuania,0.452
2011,Luxembourg,0.905
2011,Madagascar,694.863
2011,Malta,0.574
2011,Mexico,7.673
2011,Morocco,3.672
2011,Netherlands,0.836
2011,New Zealand,1.486
2011,North Macedonia,19.29
2011,Norway,9.083
2011,Poland,1.801
2011,Portugal,0.623
2011,Romania,1.55
2011,Russia,18.444
2011,Saudi Arabia,1.586
2011,Senegal,241.276
2011,Serbia,36.324
2011,Singapore,0.847
2011,Slovak Republic,0.506
2011,Slovenia,0.624
2011,South Africa,4.777
2011,Spain,0.714
2011,Sweden,8.844
2011,Switzerland,1.397
2011,Türkiye,0.966
2011,Britain,0.706
2011,United States,1
2011,Zambia,2.446
2012,Albania,43.655
2012,Argentina,3.218
2012,Australia,1.54
2012,Austria,0.814
2012,Belgium,0.822
2012,Brazil,1.606
2012,Bulgaria,0.693
2012,Cameroon,242.194
2012,Canada,1.245
2012,Chile,347.229
2012,China,3.561
2012,Colombia,1215.696
2012,Costa Rica,343.877
2012,Croatia,0.486
2012,Cyprus,0.707
2012,Czech Republic,13.298
2012,Denmark,7.564
2012,Estonia,0.521
2012,Euro area,0.774
2012,European Union,0.738
2012,Finland,0.908
2012,France,0.844
2012,Georgia,0.743
2012,Germany,0.787
2012,Greece,0.685
2012,Hong Kong,5.454
2012,Hungary,125.624
2012,Iceland,136.968
2012,India,16.161
2012,Indonesia,3569.893
2012,Ireland,0.823
2012,Israel,3.955
2012,Italy,0.748
2012,Japan,104.274
2012,South Korea,854.887
2012,Latvia,0.506
2012,Lithuania,0.453
2012,Luxembourg,0.907
2012,Madagascar,742.898
2012,Malta,0.58
2012,Mexico,7.859
2012,Morocco,3.75
2012,Netherlands,0.824
2012,New Zealand,1.496
2012,North Macedonia,19.004
2012,Norway,9.037
2012,Poland,1.796
2012,Portugal,0.605
2012,Romania,1.564
2012,Russia,19.568
2012,Saudi Arabia,1.65
2012,Senegal,245.6
2012,Serbia,37.982
2012,Singapore,0.846
2012,Slovak Republic,0.505
2012,Slovenia,0.607
2012,South Africa,5.108
2012,Spain,0.695
2012,Sweden,8.655
2012,Switzerland,1.354
2012,Türkiye,1.02
2012,Britain,0.702
2012,United States,1
2012,Zambia,2.651
2013,Albania,44.113
2013,Argentina,3.941
2013,Australia,1.447
2013,Austria,0.797
2013,Belgium,0.806
2013,Brazil,1.701
2013,Bulgaria,0.68
2013,Cameroon,241.083
2013,Canada,1.224
2013,Chile,349.681
2013,China,3.664
2013,Colombia,1218.821
2013,Costa Rica,347.807
2013,Croatia,0.474
2013,Cyprus,0.687
2013,Czech Republic,12.785
2013,Denmark,7.355
2013,Estonia,0.522
2013,Euro area,0.756
2013,European Union,0.722
2013,Finland,0.905
2013,France,0.812
2013,Georgia,0.725
2013,Germany,0.775
2013,Greece,0.631
2013,Hong Kong,5.548
2013,Hungary,124.979
2013,Iceland,137.023
2013,India,17.342
2013,Indonesia,3765.672
2013,Ireland,0.811
2013,Israel,3.84
2013,Italy,0.737
2013,Japan,101.303
2013,South Korea,869.081
2013,Latvia,0.499
2013,Lithuania,0.443
2013,Luxembourg,0.895
2013,Madagascar,777.659
2013,Malta,0.577
2013,Mexico,7.884
2013,Morocco,3.794
2013,Netherlands,0.798
2013,New Zealand,1.446
2013,North Macedonia,19.105
2013,Norway,9.029
2013,Poland,1.762
2013,Portugal,0.584
2013,Romania,1.606
2013,Russia,19.506
2013,Saudi Arabia,1.666
2013,Senegal,247.212
2013,Serbia,39.323
2013,Singapore,0.859
2013,Slovak Republic,0.491
2013,Slovenia,0.59
2013,South Africa,5.296
2013,Spain,0.675
2013,Sweden,8.598
2013,Switzerland,1.312
2013,Türkiye,1.07
2013,Britain,0.695
2013,United States,1
2013,Zambia,2.833
2014,Albania,42.894
2014,Argentina,5.452
2014,Australia,1.452
2014,Austria,0.799
2014,Belgium,0.8
2014,Brazil,1.813
2014,Bulgaria,0.661
2014,Cameroon,239.119
2014,Canada,1.23
2014,Chile,367.214
2014,China,3.759
2014,Colombia,1232.889
2014,Costa Rica,353.244
2014,Croatia,0.47
2014,Cyprus,0.68
2014,Czech Republic,12.703
2014,Denmark,7.329
2014,Estonia,0.527
2014,Euro area,0.752
2014,European Union,0.717
2014,Finland,0.907
2014,France,0.808
2014,Georgia,0.723
2014,Germany,0.769
2014,Greece,0.611
2014,Hong Kong,5.706
2014,Hungary,129.415
2014,Iceland,138.548
2014,India,18.387
2014,Indonesia,4030.775
2014,Ireland,0.819
2014,Israel,3.94
2014,Italy,0.74
2014,Japan,103.052
2014,South Korea,871.878
2014,Latvia,0.498
2014,Lithuania,0.443
2014,Luxembourg,0.884
2014,Madagascar,823.956
2014,Malta,0.586
2014,Mexico,8.045
2014,Morocco,4.034
2014,Netherlands,0.809
2014,New Zealand,1.441
2014,North Macedonia,18.996
2014,Norway,9.278
2014,Poland,1.767
2014,Portugal,0.579
2014,Romania,1.628
2014,Russia,20.999
2014,Saudi Arabia,1.646
2014,Senegal,243.618
2014,Serbia,39.802
2014,Singapore,0.864
2014,Slovak Republic,0.485
2014,Slovenia,0.591
2014,South Africa,5.572
2014,Spain,0.662
2014,Sweden,8.727
2014,Switzerland,1.282
2014,Türkiye,1.105
2014,Britain,0.698
2014,United States,1
2014,Zambia,3.065
2015,Albania,42.706
2015,Argentina,6.867
2015,Australia,1.474
2015,Austria,0.799
2015,Belgium,0.8
2015,Brazil,1.989
2015,Bulgaria,0.679
2015,Cameroon,240.708
2015,Canada,1.248
2015,Chile,391.179
2015,China,3.871
2015,Colombia,1289.324
2015,Costa Rica,353.964
2015,Croatia,0.466
2015,Cyprus,0.663
2015,Czech Republic,12.938
2015,Denmark,7.305
2015,Estonia,0.538
2015,Euro area,0.755
2015,European Union,0.719
2015,Finland,0.908
2015,France,0.809
2015,Georgia,0.754
2015,Germany,0.778
2015,Greece,0.609
2015,Hong Kong,5.831
2015,Hungary,132.554
2015,Iceland,141.975
2015,India,19.235
2015,Indonesia,4353.327
2015,Ireland,0.81
2015,Israel,3.924
2015,Italy,0.739
2015,Japan,103.469
2015,South Korea,857.483
2015,Latvia,0.498
2015,Lithuania,0.446
2015,Luxembourg,0.881
2015,Madagascar,886.091
2015,Malta,0.6
2015,Mexico,8.328
2015,Morocco,3.996
2015,Netherlands,0.81
2015,New Zealand,1.478
2015,North Macedonia,19.441
2015,Norway,9.933
2015,Poland,1.765
2015,Portugal,0.585
2015,Romania,1.663
2015,Russia,23.563
2015,Saudi Arabia,1.591
2015,Senegal,242.595
2015,Serbia,40.737
2015,Singapore,0.88
2015,Slovak Republic,0.492
2015,Slovenia,0.595
2015,South Africa,5.825
2015,Spain,0.665
2015,Sweden,8.854
2015,Switzerland,1.236
2015,Türkiye,1.162
2015,Britain,0.693
2015,United States,1
2015,Zambia,3.366
2016,Albania,42.386
2016,Argentina,9.295
2016,Australia,1.45
2016,Austria,0.777
2016,Belgium,0.781
2016,Brazil,2.133
2016,Bulgaria,0.667
2016,Cameroon,237.444
2016,Canada,1.207
2016,Chile,397.251
2016,China,3.989
2016,Colombia,1298.143
2016,Costa Rica,343.014
2016,Croatia,0.449
2016,Cyprus,0.622
2016,Czech Republic,12.576
2016,Denmark,7.08
2016,Estonia,0.528
2016,Euro area,0.73
2016,European Union,0.695
2016,Finland,0.881
2016,France,0.78
2016,Georgia,0.748
2016,Germany,0.753
2016,Greece,0.589
2016,Hong Kong,5.932
2016,Hungary,132.034
2016,Iceland,140.03
2016,India,19.899
2016,Indonesia,4518.104
2016,Ireland,0.794
2016,Israel,3.789
2016,Italy,0.701
2016,Japan,105.52
2016,South Korea,858.81
2016,Latvia,0.485
2016,Lithuania,0.438
2016,Luxembourg,0.852
2016,Madagascar,941.011
2016,Malta,0.583
2016,Mexico,8.446
2016,Morocco,3.994
2016,Netherlands,0.795
2016,New Zealand,1.441
2016,North Macedonia,18.959
2016,Norway,10.042
2016,Poland,1.733
2016,Portugal,0.571
2016,Romania,1.597
2016,Russia,24.192
2016,Saudi Arabia,1.639
2016,Senegal,244.658
2016,Serbia,40.455
2016,Singapore,0.878
2016,Slovak Republic,0.503
2016,Slovenia,0.577
2016,South Africa,6.159
2016,Spain,0.643
2016,Sweden,8.823
2016,Switzerland,1.202
2016,Türkiye,1.241
2016,Britain,0.689
2016,United States,1
2016,Zambia,3.879
2017,Albania,42.255
2017,Argentina,10.257
2017,Australia,1.478
2017,Austria,0.775
2017,Belgium,0.776
2017,Brazil,2.182
2017,Bulgaria,0.676
2017,Cameroon,232.801
2017,Canada,1.212
2017,Chile,397.689
2017,China,4.184
2017,Colombia,1328.017
2017,Costa Rica,340.992
2017,Croatia,0.441
2017,Cyprus,0.615
2017,Czech Republic,12.425
2017,Denmark,6.872
2017,Estonia,0.535
2017,Euro area,0.721
2017,European Union,0.687
2017,Finland,0.864
2017,France,0.77
2017,Georgia,0.805
2017,Germany,0.745
2017,Greece,0.575
2017,Hong Kong,6.011
2017,Hungary,136.037
2017,Iceland,138.277
2017,India,20.648
2017,Indonesia,4695.659
2017,Ireland,0.794
2017,Israel,3.752
2017,Italy,0.69
2017,Japan,105.102
2017,South Korea,872.625
2017,Latvia,0.485
2017,Lithuania,0.443
2017,Luxembourg,0.848
2017,Madagascar,1013.435
2017,Malta,0.586
2017,Mexico,8.914
2017,Morocco,4.023
2017,Netherlands,0.782
2017,New Zealand,1.431
2017,North Macedonia,18.97
2017,Norway,9.75
2017,Poland,1.743
2017,Portugal,0.576
2017,Romania,1.614
2017,Russia,24.124
2017,Saudi Arabia,1.649
2017,Senegal,246.787
2017,Serbia,40.821
2017,Singapore,0.886
2017,Slovak Republic,0.516
2017,Slovenia,0.57
2017,South Africa,6.427
2017,Spain,0.631
2017,Sweden,8.852
2017,Switzerland,1.188
2017,Türkiye,1.384
2017,Britain,0.685
2017,United States,1
2017,Zambia,4.193
2018,Albania,42.303
2018,Argentina,14.226
2018,Australia,1.47
2018,Austria,0.765
2018,Belgium,0.766
2018,Brazil,2.226
2018,Bulgaria,0.68
2018,Cameroon,231.649
2018,Canada,1.207
2018,Chile,396.229
2018,China,4.229
2018,Colombia,1322.161
2018,Costa Rica,337.902
2018,Croatia,0.439
2018,Cyprus,0.612
2018,Czech Republic,12.372
2018,Denmark,6.766
2018,Estonia,0.539
2018,Euro area,0.713
2018,European Union,0.678
2018,Finland,0.854
2018,France,0.756
2018,Georgia,0.82
2018,Germany,0.735
2018,Greece,0.565
2018,Hong Kong,6.085
2018,Hungary,139.092
2018,Iceland,140.97
2018,India,20.946
2018,Indonesia,4760.509
2018,Ireland,0.792
2018,Israel,3.785
2018,Italy,0.681
2018,Japan,104.159
2018,South Korea,854.871
2018,Latvia,0.49
2018,Lithuania,0.447
2018,Luxembourg,0.849
2018,Madagascar,1071.764
2018,Malta,0.587
2018,Mexico,9.276
2018,Morocco,3.966
2018,Netherlands,0.777
2018,New Zealand,1.47
2018,North Macedonia,18.951
2018,Norway,9.584
2018,Poland,1.748
2018,Portugal,0.571
2018,Romania,1.666
2018,Russia,24.543
2018,Saudi Arabia,1.855
2018,Senegal,238.97
2018,Serbia,41.004
2018,Singapore,0.896
2018,Slovak Republic,0.526
2018,Slovenia,0.568
2018,South Africa,6.526
2018,Spain,0.632
2018,Sweden,8.866
2018,Switzerland,1.179
2018,Türkiye,1.633
2018,Britain,0.688
2018,United States,1
2018,Zambia,4.398
2019,Albania,40.55
2019,Argentina,20.851
2019,Australia,1.459
2019,Austria,0.738
2019,Belgium,0.736
2019,Brazil,2.279
2019,Bulgaria,0.676
2019,Cameroon,230.228
2019,Canada,1.218
2019,Chile,397.674
2019,China,4.208
2019,Colombia,1312.63
2019,Costa Rica,324.217
2019,Croatia,0.42
2019,Cyprus,0.588
2019,Czech Republic,12.097
2019,Denmark,6.538
2019,Estonia,0.529
2019,Euro area,0.695
2019,European Union,0.65
2019,Finland,0.826
2019,France,0.706
2019,Georgia,0.847
2019,Germany,0.718
2019,Greece,0.541
2019,Hong Kong,6.1
2019,Hungary,138.797
2019,Iceland,138.668
2019,India,21.072
2019,Indonesia,4751.369
2019,Ireland,0.794
2019,Israel,3.817
2019,Italy,0.647
2019,Japan,103.232
2019,South Korea,847.548
2019,Latvia,0.48
2019,Lithuania,0.432
2019,Luxembourg,0.829
2019,Madagascar,1121.545
2019,Malta,0.564
2019,Mexico,9.528
2019,Morocco,3.928
2019,Netherlands,0.767
2019,New Zealand,1.437
2019,North Macedonia,18.256
2019,Norway,9.481
2019,Poland,1.699
2019,Portugal,0.551
2019,Romania,1.637
2019,Russia,24.838
2019,Saudi Arabia,1.791
2019,Senegal,239.655
2019,Serbia,39.649
2019,Singapore,0.878
2019,Slovak Republic,0.51
2019,Slovenia,0.544
2019,South Africa,6.707
2019,Spain,0.604
2019,Sweden,8.584
2019,Switzerland,1.134
2019,Türkiye,1.837
2019,Britain,0.67
2019,United States,1
2019,Zambia,4.65
2020,Albania,40.21
2020,Argentina,28.832
2020,Australia,1.431
2020,Austria,0.729
2020,Belgium,0.716
2020,Brazil,2.395
2020,Bulgaria,0.675
2020,Cameroon,228.866
2020,Canada,1.202
2020,Chile,409.837
2020,China,4.174
2020,Colombia,1270.731
2020,Costa Rica,328.024
2020,Croatia,0.41
2020,Cyprus,0.579
2020,Czech Republic,12.15
2020,Denmark,6.365
2020,Estonia,0.515
2020,Euro area,0.692
2020,European Union,0.639
2020,Finland,0.802
2020,France,0.693
2020,Georgia,0.897
2020,Germany,0.707
2020,Greece,0.53
2020,Hong Kong,6.06
2020,Hungary,141.838
2020,Iceland,143.253
2020,India,21.788
2020,Indonesia,4671.328
2020,Ireland,0.775
2020,Israel,3.747
2020,Italy,0.632
2020,Japan,100.742
2020,South Korea,829.359
2020,Latvia,0.47
2020,Lithuania,0.433
2020,Luxembourg,0.838
2020,Madagascar,1154.827
2020,Malta,0.558
2020,Mexico,9.813
2020,Morocco,3.883
2020,Netherlands,0.748
2020,New Zealand,1.423
2020,North Macedonia,18.063
2020,Norway,9.588
2020,Poland,1.698
2020,Portugal,0.543
2020,Romania,1.615
2020,Russia,24.493
2020,Saudi Arabia,1.618
2020,Senegal,240.359
2020,Serbia,39.76
2020,Singapore,0.844
2020,Slovak Republic,0.489
2020,Slovenia,0.532
2020,South Africa,6.969
2020,Spain,0.606
2020,Sweden,8.436
2020,Switzerland,1.105
2020,Türkiye,2.111
2020,Britain,0.653
2020,United States,1
2020,Zambia,5.221
